pattern,keyword
Sneaking,free trial
Sneaking,auto-renew
Sneaking,hidden fee
Sneaking,pre-selected
Sneaking,extra charge
Sneaking,add-on
Sneaking,opt-out only
Sneaking,silent subscription
Sneaking,trial converts
Sneaking,renew without notice
Sneaking,free trial
Sneaking,auto-renew
Sneaking,hidden fee
Sneaking,pre-selected
Sneaking,extra charge
Sneaking,add-on
Sneaking,opt-out only
Sneaking,silent subscription
Sneaking,trial converts
Sneaking,renew without notice
Sneaking,free trial
Sneaking,auto-renew
Sneaking,hidden fee
Sneaking,pre-selected
Sneaking,extra charge
Sneaking,add-on
Sneaking,opt-out only
Sneaking,silent subscription
Sneaking,trial converts
Sneaking,renew without notice
Sneaking,free trial
Sneaking,auto-renew
Sneaking,hidden fee
Sneaking,pre-selected
Sneaking,extra charge
Sneaking,add-on
Sneaking,opt-out only
Sneaking,silent subscription
Sneaking,trial converts
Sneaking,renew without notice
Sneaking,free trial
Sneaking,auto-renew
Sneaking,hidden fee
Sneaking,pre-selected
Sneaking,extra charge
Sneaking,add-on
Sneaking,opt-out only
Sneaking,silent subscription
Sneaking,trial converts
Sneaking,renew without notice
Sneaking,free trial
Sneaking,auto-renew
Sneaking,hidden fee
Sneaking,pre-selected
Sneaking,extra charge
Sneaking,add-on
Sneaking,opt-out only
Sneaking,silent subscription
Sneaking,trial converts
Sneaking,renew without notice
Sneaking,free trial
Sneaking,auto-renew
Sneaking,hidden fee
Sneaking,pre-selected
Sneaking,extra charge
Sneaking,add-on
Sneaking,opt-out only
Sneaking,silent subscription
Sneaking,trial converts
Sneaking,renew without notice
Sneaking,free trial
Sneaking,auto-renew
Sneaking,hidden fee
Sneaking,pre-selected
Sneaking,extra charge
Sneaking,add-on
Sneaking,opt-out only
Sneaking,silent subscription
Sneaking,trial converts
Sneaking,renew without notice
Sneaking,free trial
Sneaking,auto-renew
Sneaking,hidden fee
Sneaking,pre-selected
Sneaking,extra charge
Sneaking,add-on
Sneaking,opt-out only
Sneaking,silent subscription
Sneaking,trial converts
Sneaking,renew without notice
Sneaking,free trial
Sneaking,auto-renew
Sneaking,hidden fee
Sneaking,pre-selected
Sneaking,extra charge
Sneaking,add-on
Sneaking,opt-out only
Sneaking,silent subscription
Sneaking,trial converts
Sneaking,renew without notice
Sneaking,free trial
Sneaking,auto-renew
Sneaking,hidden fee
Sneaking,pre-selected
Sneaking,extra charge
Sneaking,add-on
Sneaking,opt-out only
Sneaking,silent subscription
Sneaking,trial converts
Sneaking,renew without notice
Sneaking,free trial
Sneaking,auto-renew
Sneaking,hidden fee
Sneaking,pre-selected
Sneaking,extra charge
Sneaking,add-on
Sneaking,opt-out only
Sneaking,silent subscription
Sneaking,trial converts
Sneaking,renew without notice
Sneaking,free trial
Sneaking,auto-renew
Sneaking,hidden fee
Sneaking,pre-selected
Sneaking,extra charge
Sneaking,add-on
Sneaking,opt-out only
Sneaking,silent subscription
Sneaking,trial converts
Sneaking,renew without notice
Sneaking,free trial
Sneaking,auto-renew
Sneaking,hidden fee
Sneaking,pre-selected
Sneaking,extra charge
Sneaking,add-on
Sneaking,opt-out only
Sneaking,silent subscription
Sneaking,trial converts
Sneaking,renew without notice
Sneaking,free trial
Sneaking,auto-renew
Sneaking,hidden fee
Sneaking,pre-selected
Sneaking,extra charge
Sneaking,add-on
Sneaking,opt-out only
Sneaking,silent subscription
Sneaking,trial converts
Sneaking,renew without notice
Sneaking,free trial
Sneaking,auto-renew
Sneaking,hidden fee
Sneaking,pre-selected
Sneaking,extra charge
Sneaking,add-on
Sneaking,opt-out only
Sneaking,silent subscription
Sneaking,trial converts
Sneaking,renew without notice
Sneaking,free trial
Sneaking,auto-renew
Sneaking,hidden fee
Sneaking,pre-selected
Sneaking,extra charge
Sneaking,add-on
Sneaking,opt-out only
Sneaking,silent subscription
Sneaking,trial converts
Sneaking,renew without notice
Sneaking,free trial
Sneaking,auto-renew
Sneaking,hidden fee
Sneaking,pre-selected
Sneaking,extra charge
Sneaking,add-on
Sneaking,opt-out only
Sneaking,silent subscription
Sneaking,trial converts
Sneaking,renew without notice
Sneaking,free trial
Sneaking,auto-renew
Sneaking,hidden fee
Sneaking,pre-selected
Sneaking,extra charge
Sneaking,add-on
Sneaking,opt-out only
Sneaking,silent subscription
Sneaking,trial converts
Sneaking,renew without notice
Sneaking,free trial
Sneaking,auto-renew
Sneaking,hidden fee
Sneaking,pre-selected
Sneaking,extra charge
Sneaking,add-on
Sneaking,opt-out only
Sneaking,silent subscription
Sneaking,trial converts
Sneaking,renew without notice
Sneaking,free trial
Sneaking,auto-renew
Sneaking,hidden fee
Sneaking,pre-selected
Sneaking,extra charge
Sneaking,add-on
Sneaking,opt-out only
Sneaking,silent subscription
Sneaking,trial converts
Sneaking,renew without notice
Sneaking,free trial
Sneaking,auto-renew
Sneaking,hidden fee
Sneaking,pre-selected
Sneaking,extra charge
Sneaking,add-on
Sneaking,opt-out only
Sneaking,silent subscription
Sneaking,trial converts
Sneaking,renew without notice
Sneaking,free trial
Sneaking,auto-renew
Sneaking,hidden fee
Sneaking,pre-selected
Sneaking,extra charge
Sneaking,add-on
Sneaking,opt-out only
Sneaking,silent subscription
Sneaking,trial converts
Sneaking,renew without notice
Sneaking,free trial
Sneaking,auto-renew
Sneaking,hidden fee
Sneaking,pre-selected
Sneaking,extra charge
Sneaking,add-on
Sneaking,opt-out only
Sneaking,silent subscription
Sneaking,trial converts
Sneaking,renew without notice
Sneaking,free trial
Sneaking,auto-renew
Sneaking,hidden fee
Sneaking,pre-selected
Sneaking,extra charge
Sneaking,add-on
Sneaking,opt-out only
Sneaking,silent subscription
Sneaking,trial converts
Sneaking,renew without notice
Sneaking,free trial
Sneaking,auto-renew
Sneaking,hidden fee
Sneaking,pre-selected
Sneaking,extra charge
Sneaking,add-on
Sneaking,opt-out only
Sneaking,silent subscription
Sneaking,trial converts
Sneaking,renew without notice
Sneaking,free trial
Sneaking,auto-renew
Sneaking,hidden fee
Sneaking,pre-selected
Sneaking,extra charge
Sneaking,add-on
Sneaking,opt-out only
Sneaking,silent subscription
Sneaking,trial converts
Sneaking,renew without notice
Sneaking,free trial
Sneaking,auto-renew
Sneaking,hidden fee
Sneaking,pre-selected
Sneaking,extra charge
Sneaking,add-on
Sneaking,opt-out only
Sneaking,silent subscription
Sneaking,trial converts
Sneaking,renew without notice
Sneaking,free trial
Sneaking,auto-renew
Sneaking,hidden fee
Sneaking,pre-selected
Sneaking,extra charge
Sneaking,add-on
Sneaking,opt-out only
Sneaking,silent subscription
Sneaking,trial converts
Sneaking,renew without notice
Sneaking,free trial
Sneaking,auto-renew
Sneaking,hidden fee
Sneaking,pre-selected
Sneaking,extra charge
Sneaking,add-on
Sneaking,opt-out only
Sneaking,silent subscription
Sneaking,trial converts
Sneaking,renew without notice
Sneaking,free trial
Sneaking,auto-renew
Sneaking,hidden fee
Sneaking,pre-selected
Sneaking,extra charge
Sneaking,add-on
Sneaking,opt-out only
Sneaking,silent subscription
Sneaking,trial converts
Sneaking,renew without notice
Sneaking,free trial
Sneaking,auto-renew
Sneaking,hidden fee
Sneaking,pre-selected
Sneaking,extra charge
Sneaking,add-on
Sneaking,opt-out only
Sneaking,silent subscription
Sneaking,trial converts
Sneaking,renew without notice
Sneaking,free trial
Sneaking,auto-renew
Sneaking,hidden fee
Sneaking,pre-selected
Sneaking,extra charge
Sneaking,add-on
Sneaking,opt-out only
Sneaking,silent subscription
Sneaking,trial converts
Sneaking,renew without notice
Sneaking,free trial
Sneaking,auto-renew
Sneaking,hidden fee
Sneaking,pre-selected
Sneaking,extra charge
Sneaking,add-on
Sneaking,opt-out only
Sneaking,silent subscription
Sneaking,trial converts
Sneaking,renew without notice
Sneaking,free trial
Sneaking,auto-renew
Sneaking,hidden fee
Sneaking,pre-selected
Sneaking,extra charge
Sneaking,add-on
Sneaking,opt-out only
Sneaking,silent subscription
Sneaking,trial converts
Sneaking,renew without notice
Sneaking,free trial
Sneaking,auto-renew
Sneaking,hidden fee
Sneaking,pre-selected
Sneaking,extra charge
Sneaking,add-on
Sneaking,opt-out only
Sneaking,silent subscription
Sneaking,trial converts
Sneaking,renew without notice
Sneaking,free trial
Sneaking,auto-renew
Sneaking,hidden fee
Sneaking,pre-selected
Sneaking,extra charge
Sneaking,add-on
Sneaking,opt-out only
Sneaking,silent subscription
Sneaking,trial converts
Sneaking,renew without notice
Sneaking,free trial
Sneaking,auto-renew
Sneaking,hidden fee
Sneaking,pre-selected
Sneaking,extra charge
Sneaking,add-on
Sneaking,opt-out only
Sneaking,silent subscription
Sneaking,trial converts
Sneaking,renew without notice
Sneaking,free trial
Sneaking,auto-renew
Sneaking,hidden fee
Sneaking,pre-selected
Sneaking,extra charge
Sneaking,add-on
Sneaking,opt-out only
Sneaking,silent subscription
Sneaking,trial converts
Sneaking,renew without notice
Sneaking,free trial
Sneaking,auto-renew
Sneaking,hidden fee
Sneaking,pre-selected
Sneaking,extra charge
Sneaking,add-on
Sneaking,opt-out only
Sneaking,silent subscription
Sneaking,trial converts
Sneaking,renew without notice
Sneaking,free trial
Sneaking,auto-renew
Sneaking,hidden fee
Sneaking,pre-selected
Sneaking,extra charge
Sneaking,add-on
Sneaking,opt-out only
Sneaking,silent subscription
Sneaking,trial converts
Sneaking,renew without notice
Sneaking,free trial
Sneaking,auto-renew
Sneaking,hidden fee
Sneaking,pre-selected
Sneaking,extra charge
Sneaking,add-on
Sneaking,opt-out only
Sneaking,silent subscription
Sneaking,trial converts
Sneaking,renew without notice
Sneaking,free trial
Sneaking,auto-renew
Sneaking,hidden fee
Sneaking,pre-selected
Sneaking,extra charge
Sneaking,add-on
Sneaking,opt-out only
Sneaking,silent subscription
Sneaking,trial converts
Sneaking,renew without notice
Sneaking,free trial
Sneaking,auto-renew
Sneaking,hidden fee
Sneaking,pre-selected
Sneaking,extra charge
Sneaking,add-on
Sneaking,opt-out only
Sneaking,silent subscription
Sneaking,trial converts
Sneaking,renew without notice
Sneaking,free trial
Sneaking,auto-renew
Sneaking,hidden fee
Sneaking,pre-selected
Sneaking,extra charge
Sneaking,add-on
Sneaking,opt-out only
Sneaking,silent subscription
Sneaking,trial converts
Sneaking,renew without notice
Sneaking,free trial
Sneaking,auto-renew
Sneaking,hidden fee
Sneaking,pre-selected
Sneaking,extra charge
Sneaking,add-on
Sneaking,opt-out only
Sneaking,silent subscription
Sneaking,trial converts
Sneaking,renew without notice
Sneaking,free trial
Sneaking,auto-renew
Sneaking,hidden fee
Sneaking,pre-selected
Sneaking,extra charge
Sneaking,add-on
Sneaking,opt-out only
Sneaking,silent subscription
Sneaking,trial converts
Sneaking,renew without notice
Sneaking,free trial
Sneaking,auto-renew
Sneaking,hidden fee
Sneaking,pre-selected
Sneaking,extra charge
Sneaking,add-on
Sneaking,opt-out only
Sneaking,silent subscription
Sneaking,trial converts
Sneaking,renew without notice
Sneaking,free trial
Sneaking,auto-renew
Sneaking,hidden fee
Sneaking,pre-selected
Sneaking,extra charge
Sneaking,add-on
Sneaking,opt-out only
Sneaking,silent subscription
Sneaking,trial converts
Sneaking,renew without notice
Sneaking,free trial
Sneaking,auto-renew
Sneaking,hidden fee
Sneaking,pre-selected
Sneaking,extra charge
Sneaking,add-on
Sneaking,opt-out only
Sneaking,silent subscription
Sneaking,trial converts
Sneaking,renew without notice
Obstruction,difficult to cancel
Obstruction,non-refundable
Obstruction,unreachable support
Obstruction,cannot unsubscribe
Obstruction,long cancellation process
Obstruction,unclear exit
Obstruction,no back button
Obstruction,hidden contact form
Obstruction,difficult to cancel
Obstruction,non-refundable
Obstruction,unreachable support
Obstruction,cannot unsubscribe
Obstruction,long cancellation process
Obstruction,unclear exit
Obstruction,no back button
Obstruction,hidden contact form
Obstruction,difficult to cancel
Obstruction,non-refundable
Obstruction,unreachable support
Obstruction,cannot unsubscribe
Obstruction,long cancellation process
Obstruction,unclear exit
Obstruction,no back button
Obstruction,hidden contact form
Obstruction,difficult to cancel
Obstruction,non-refundable
Obstruction,unreachable support
Obstruction,cannot unsubscribe
Obstruction,long cancellation process
Obstruction,unclear exit
Obstruction,no back button
Obstruction,hidden contact form
Obstruction,difficult to cancel
Obstruction,non-refundable
Obstruction,unreachable support
Obstruction,cannot unsubscribe
Obstruction,long cancellation process
Obstruction,unclear exit
Obstruction,no back button
Obstruction,hidden contact form
Obstruction,difficult to cancel
Obstruction,non-refundable
Obstruction,unreachable support
Obstruction,cannot unsubscribe
Obstruction,long cancellation process
Obstruction,unclear exit
Obstruction,no back button
Obstruction,hidden contact form
Obstruction,difficult to cancel
Obstruction,non-refundable
Obstruction,unreachable support
Obstruction,cannot unsubscribe
Obstruction,long cancellation process
Obstruction,unclear exit
Obstruction,no back button
Obstruction,hidden contact form
Obstruction,difficult to cancel
Obstruction,non-refundable
Obstruction,unreachable support
Obstruction,cannot unsubscribe
Obstruction,long cancellation process
Obstruction,unclear exit
Obstruction,no back button
Obstruction,hidden contact form
Obstruction,difficult to cancel
Obstruction,non-refundable
Obstruction,unreachable support
Obstruction,cannot unsubscribe
Obstruction,long cancellation process
Obstruction,unclear exit
Obstruction,no back button
Obstruction,hidden contact form
Obstruction,difficult to cancel
Obstruction,non-refundable
Obstruction,unreachable support
Obstruction,cannot unsubscribe
Obstruction,long cancellation process
Obstruction,unclear exit
Obstruction,no back button
Obstruction,hidden contact form
Obstruction,difficult to cancel
Obstruction,non-refundable
Obstruction,unreachable support
Obstruction,cannot unsubscribe
Obstruction,long cancellation process
Obstruction,unclear exit
Obstruction,no back button
Obstruction,hidden contact form
Obstruction,difficult to cancel
Obstruction,non-refundable
Obstruction,unreachable support
Obstruction,cannot unsubscribe
Obstruction,long cancellation process
Obstruction,unclear exit
Obstruction,no back button
Obstruction,hidden contact form
Obstruction,difficult to cancel
Obstruction,non-refundable
Obstruction,unreachable support
Obstruction,cannot unsubscribe
Obstruction,long cancellation process
Obstruction,unclear exit
Obstruction,no back button
Obstruction,hidden contact form
Obstruction,difficult to cancel
Obstruction,non-refundable
Obstruction,unreachable support
Obstruction,cannot unsubscribe
Obstruction,long cancellation process
Obstruction,unclear exit
Obstruction,no back button
Obstruction,hidden contact form
Obstruction,difficult to cancel
Obstruction,non-refundable
Obstruction,unreachable support
Obstruction,cannot unsubscribe
Obstruction,long cancellation process
Obstruction,unclear exit
Obstruction,no back button
Obstruction,hidden contact form
Obstruction,difficult to cancel
Obstruction,non-refundable
Obstruction,unreachable support
Obstruction,cannot unsubscribe
Obstruction,long cancellation process
Obstruction,unclear exit
Obstruction,no back button
Obstruction,hidden contact form
Obstruction,difficult to cancel
Obstruction,non-refundable
Obstruction,unreachable support
Obstruction,cannot unsubscribe
Obstruction,long cancellation process
Obstruction,unclear exit
Obstruction,no back button
Obstruction,hidden contact form
Obstruction,difficult to cancel
Obstruction,non-refundable
Obstruction,unreachable support
Obstruction,cannot unsubscribe
Obstruction,long cancellation process
Obstruction,unclear exit
Obstruction,no back button
Obstruction,hidden contact form
Obstruction,difficult to cancel
Obstruction,non-refundable
Obstruction,unreachable support
Obstruction,cannot unsubscribe
Obstruction,long cancellation process
Obstruction,unclear exit
Obstruction,no back button
Obstruction,hidden contact form
Obstruction,difficult to cancel
Obstruction,non-refundable
Obstruction,unreachable support
Obstruction,cannot unsubscribe
Obstruction,long cancellation process
Obstruction,unclear exit
Obstruction,no back button
Obstruction,hidden contact form
Obstruction,difficult to cancel
Obstruction,non-refundable
Obstruction,unreachable support
Obstruction,cannot unsubscribe
Obstruction,long cancellation process
Obstruction,unclear exit
Obstruction,no back button
Obstruction,hidden contact form
Obstruction,difficult to cancel
Obstruction,non-refundable
Obstruction,unreachable support
Obstruction,cannot unsubscribe
Obstruction,long cancellation process
Obstruction,unclear exit
Obstruction,no back button
Obstruction,hidden contact form
Obstruction,difficult to cancel
Obstruction,non-refundable
Obstruction,unreachable support
Obstruction,cannot unsubscribe
Obstruction,long cancellation process
Obstruction,unclear exit
Obstruction,no back button
Obstruction,hidden contact form
Obstruction,difficult to cancel
Obstruction,non-refundable
Obstruction,unreachable support
Obstruction,cannot unsubscribe
Obstruction,long cancellation process
Obstruction,unclear exit
Obstruction,no back button
Obstruction,hidden contact form
Obstruction,difficult to cancel
Obstruction,non-refundable
Obstruction,unreachable support
Obstruction,cannot unsubscribe
Obstruction,long cancellation process
Obstruction,unclear exit
Obstruction,no back button
Obstruction,hidden contact form
Obstruction,difficult to cancel
Obstruction,non-refundable
Obstruction,unreachable support
Obstruction,cannot unsubscribe
Obstruction,long cancellation process
Obstruction,unclear exit
Obstruction,no back button
Obstruction,hidden contact form
Obstruction,difficult to cancel
Obstruction,non-refundable
Obstruction,unreachable support
Obstruction,cannot unsubscribe
Obstruction,long cancellation process
Obstruction,unclear exit
Obstruction,no back button
Obstruction,hidden contact form
Obstruction,difficult to cancel
Obstruction,non-refundable
Obstruction,unreachable support
Obstruction,cannot unsubscribe
Obstruction,long cancellation process
Obstruction,unclear exit
Obstruction,no back button
Obstruction,hidden contact form
Obstruction,difficult to cancel
Obstruction,non-refundable
Obstruction,unreachable support
Obstruction,cannot unsubscribe
Obstruction,long cancellation process
Obstruction,unclear exit
Obstruction,no back button
Obstruction,hidden contact form
Obstruction,difficult to cancel
Obstruction,non-refundable
Obstruction,unreachable support
Obstruction,cannot unsubscribe
Obstruction,long cancellation process
Obstruction,unclear exit
Obstruction,no back button
Obstruction,hidden contact form
Obstruction,difficult to cancel
Obstruction,non-refundable
Obstruction,unreachable support
Obstruction,cannot unsubscribe
Obstruction,long cancellation process
Obstruction,unclear exit
Obstruction,no back button
Obstruction,hidden contact form
Obstruction,difficult to cancel
Obstruction,non-refundable
Obstruction,unreachable support
Obstruction,cannot unsubscribe
Obstruction,long cancellation process
Obstruction,unclear exit
Obstruction,no back button
Obstruction,hidden contact form
Obstruction,difficult to cancel
Obstruction,non-refundable
Obstruction,unreachable support
Obstruction,cannot unsubscribe
Obstruction,long cancellation process
Obstruction,unclear exit
Obstruction,no back button
Obstruction,hidden contact form
Obstruction,difficult to cancel
Obstruction,non-refundable
Obstruction,unreachable support
Obstruction,cannot unsubscribe
Obstruction,long cancellation process
Obstruction,unclear exit
Obstruction,no back button
Obstruction,hidden contact form
Obstruction,difficult to cancel
Obstruction,non-refundable
Obstruction,unreachable support
Obstruction,cannot unsubscribe
Obstruction,long cancellation process
Obstruction,unclear exit
Obstruction,no back button
Obstruction,hidden contact form
Obstruction,difficult to cancel
Obstruction,non-refundable
Obstruction,unreachable support
Obstruction,cannot unsubscribe
Obstruction,long cancellation process
Obstruction,unclear exit
Obstruction,no back button
Obstruction,hidden contact form
Obstruction,difficult to cancel
Obstruction,non-refundable
Obstruction,unreachable support
Obstruction,cannot unsubscribe
Obstruction,long cancellation process
Obstruction,unclear exit
Obstruction,no back button
Obstruction,hidden contact form
Obstruction,difficult to cancel
Obstruction,non-refundable
Obstruction,unreachable support
Obstruction,cannot unsubscribe
Obstruction,long cancellation process
Obstruction,unclear exit
Obstruction,no back button
Obstruction,hidden contact form
Obstruction,difficult to cancel
Obstruction,non-refundable
Obstruction,unreachable support
Obstruction,cannot unsubscribe
Obstruction,long cancellation process
Obstruction,unclear exit
Obstruction,no back button
Obstruction,hidden contact form
Obstruction,difficult to cancel
Obstruction,non-refundable
Obstruction,unreachable support
Obstruction,cannot unsubscribe
Obstruction,long cancellation process
Obstruction,unclear exit
Obstruction,no back button
Obstruction,hidden contact form
Obstruction,difficult to cancel
Obstruction,non-refundable
Obstruction,unreachable support
Obstruction,cannot unsubscribe
Obstruction,long cancellation process
Obstruction,unclear exit
Obstruction,no back button
Obstruction,hidden contact form
Obstruction,difficult to cancel
Obstruction,non-refundable
Obstruction,unreachable support
Obstruction,cannot unsubscribe
Obstruction,long cancellation process
Obstruction,unclear exit
Obstruction,no back button
Obstruction,hidden contact form
Obstruction,difficult to cancel
Obstruction,non-refundable
Obstruction,unreachable support
Obstruction,cannot unsubscribe
Obstruction,long cancellation process
Obstruction,unclear exit
Obstruction,no back button
Obstruction,hidden contact form
Obstruction,difficult to cancel
Obstruction,non-refundable
Obstruction,unreachable support
Obstruction,cannot unsubscribe
Obstruction,long cancellation process
Obstruction,unclear exit
Obstruction,no back button
Obstruction,hidden contact form
Obstruction,difficult to cancel
Obstruction,non-refundable
Obstruction,unreachable support
Obstruction,cannot unsubscribe
Obstruction,long cancellation process
Obstruction,unclear exit
Obstruction,no back button
Obstruction,hidden contact form
Obstruction,difficult to cancel
Obstruction,non-refundable
Obstruction,unreachable support
Obstruction,cannot unsubscribe
Obstruction,long cancellation process
Obstruction,unclear exit
Obstruction,no back button
Obstruction,hidden contact form
Obstruction,difficult to cancel
Obstruction,non-refundable
Obstruction,unreachable support
Obstruction,cannot unsubscribe
Obstruction,long cancellation process
Obstruction,unclear exit
Obstruction,no back button
Obstruction,hidden contact form
Obstruction,difficult to cancel
Obstruction,non-refundable
Obstruction,unreachable support
Obstruction,cannot unsubscribe
Obstruction,long cancellation process
Obstruction,unclear exit
Obstruction,no back button
Obstruction,hidden contact form
Obstruction,difficult to cancel
Obstruction,non-refundable
Obstruction,unreachable support
Obstruction,cannot unsubscribe
Obstruction,long cancellation process
Obstruction,unclear exit
Obstruction,no back button
Obstruction,hidden contact form
Obstruction,difficult to cancel
Obstruction,non-refundable
Obstruction,unreachable support
Obstruction,cannot unsubscribe
Obstruction,long cancellation process
Obstruction,unclear exit
Obstruction,no back button
Obstruction,hidden contact form
Obstruction,difficult to cancel
Obstruction,non-refundable
Obstruction,unreachable support
Obstruction,cannot unsubscribe
Obstruction,long cancellation process
Obstruction,unclear exit
Obstruction,no back button
Obstruction,hidden contact form
Obstruction,difficult to cancel
Obstruction,non-refundable
Obstruction,unreachable support
Obstruction,cannot unsubscribe
Obstruction,long cancellation process
Obstruction,unclear exit
Obstruction,no back button
Obstruction,hidden contact form
Obstruction,difficult to cancel
Obstruction,non-refundable
Obstruction,unreachable support
Obstruction,cannot unsubscribe
Obstruction,long cancellation process
Obstruction,unclear exit
Obstruction,no back button
Obstruction,hidden contact form
Obstruction,difficult to cancel
Obstruction,non-refundable
Obstruction,unreachable support
Obstruction,cannot unsubscribe
Obstruction,long cancellation process
Obstruction,unclear exit
Obstruction,no back button
Obstruction,hidden contact form
Obstruction,difficult to cancel
Obstruction,non-refundable
Obstruction,unreachable support
Obstruction,cannot unsubscribe
Obstruction,long cancellation process
Obstruction,unclear exit
Obstruction,no back button
Obstruction,hidden contact form
Obstruction,difficult to cancel
Obstruction,non-refundable
Obstruction,unreachable support
Obstruction,cannot unsubscribe
Obstruction,long cancellation process
Obstruction,unclear exit
Obstruction,no back button
Obstruction,hidden contact form
Obstruction,difficult to cancel
Obstruction,non-refundable
Obstruction,unreachable support
Obstruction,cannot unsubscribe
Obstruction,long cancellation process
Obstruction,unclear exit
Obstruction,no back button
Obstruction,hidden contact form
Obstruction,difficult to cancel
Obstruction,non-refundable
Obstruction,unreachable support
Obstruction,cannot unsubscribe
Obstruction,long cancellation process
Obstruction,unclear exit
Obstruction,no back button
Obstruction,hidden contact form
Obstruction,difficult to cancel
Obstruction,non-refundable
Obstruction,unreachable support
Obstruction,cannot unsubscribe
Obstruction,long cancellation process
Obstruction,unclear exit
Obstruction,no back button
Obstruction,hidden contact form
Obstruction,difficult to cancel
Obstruction,non-refundable
Obstruction,unreachable support
Obstruction,cannot unsubscribe
Obstruction,long cancellation process
Obstruction,unclear exit
Obstruction,no back button
Obstruction,hidden contact form
Obstruction,difficult to cancel
Obstruction,non-refundable
Obstruction,unreachable support
Obstruction,cannot unsubscribe
Obstruction,long cancellation process
Obstruction,unclear exit
Obstruction,no back button
Obstruction,hidden contact form
Obstruction,difficult to cancel
Obstruction,non-refundable
Obstruction,unreachable support
Obstruction,cannot unsubscribe
Obstruction,long cancellation process
Obstruction,unclear exit
Obstruction,no back button
Obstruction,hidden contact form
Obstruction,cannot unsubscribe
Obstruction,unreachable support
Obstruction,non-refundable
Obstruction,hidden contact form
Misdirection,only 2 left
Misdirection,limited time offer
Misdirection,buy now
Misdirection,flash deal
Misdirection,highlighted CTA
Misdirection,blurred alternatives
Misdirection,hidden skip
Misdirection,bigger 'accept'
Misdirection,faint 'decline'
Misdirection,only 2 left
Misdirection,limited time offer
Misdirection,buy now
Misdirection,flash deal
Misdirection,highlighted CTA
Misdirection,blurred alternatives
Misdirection,hidden skip
Misdirection,bigger 'accept'
Misdirection,faint 'decline'
Misdirection,only 2 left
Misdirection,limited time offer
Misdirection,buy now
Misdirection,flash deal
Misdirection,highlighted CTA
Misdirection,blurred alternatives
Misdirection,hidden skip
Misdirection,bigger 'accept'
Misdirection,faint 'decline'
Misdirection,only 2 left
Misdirection,limited time offer
Misdirection,buy now
Misdirection,flash deal
Misdirection,highlighted CTA
Misdirection,blurred alternatives
Misdirection,hidden skip
Misdirection,bigger 'accept'
Misdirection,faint 'decline'
Misdirection,only 2 left
Misdirection,limited time offer
Misdirection,buy now
Misdirection,flash deal
Misdirection,highlighted CTA
Misdirection,blurred alternatives
Misdirection,hidden skip
Misdirection,bigger 'accept'
Misdirection,faint 'decline'
Misdirection,only 2 left
Misdirection,limited time offer
Misdirection,buy now
Misdirection,flash deal
Misdirection,highlighted CTA
Misdirection,blurred alternatives
Misdirection,hidden skip
Misdirection,bigger 'accept'
Misdirection,faint 'decline'
Misdirection,only 2 left
Misdirection,limited time offer
Misdirection,buy now
Misdirection,flash deal
Misdirection,highlighted CTA
Misdirection,blurred alternatives
Misdirection,hidden skip
Misdirection,bigger 'accept'
Misdirection,faint 'decline'
Misdirection,only 2 left
Misdirection,limited time offer
Misdirection,buy now
Misdirection,flash deal
Misdirection,highlighted CTA
Misdirection,blurred alternatives
Misdirection,hidden skip
Misdirection,bigger 'accept'
Misdirection,faint 'decline'
Misdirection,only 2 left
Misdirection,limited time offer
Misdirection,buy now
Misdirection,flash deal
Misdirection,highlighted CTA
Misdirection,blurred alternatives
Misdirection,hidden skip
Misdirection,bigger 'accept'
Misdirection,faint 'decline'
Misdirection,only 2 left
Misdirection,limited time offer
Misdirection,buy now
Misdirection,flash deal
Misdirection,highlighted CTA
Misdirection,blurred alternatives
Misdirection,hidden skip
Misdirection,bigger 'accept'
Misdirection,faint 'decline'
Misdirection,only 2 left
Misdirection,limited time offer
Misdirection,buy now
Misdirection,flash deal
Misdirection,highlighted CTA
Misdirection,blurred alternatives
Misdirection,hidden skip
Misdirection,bigger 'accept'
Misdirection,faint 'decline'
Misdirection,only 2 left
Misdirection,limited time offer
Misdirection,buy now
Misdirection,flash deal
Misdirection,highlighted CTA
Misdirection,blurred alternatives
Misdirection,hidden skip
Misdirection,bigger 'accept'
Misdirection,faint 'decline'
Misdirection,only 2 left
Misdirection,limited time offer
Misdirection,buy now
Misdirection,flash deal
Misdirection,highlighted CTA
Misdirection,blurred alternatives
Misdirection,hidden skip
Misdirection,bigger 'accept'
Misdirection,faint 'decline'
Misdirection,only 2 left
Misdirection,limited time offer
Misdirection,buy now
Misdirection,flash deal
Misdirection,highlighted CTA
Misdirection,blurred alternatives
Misdirection,hidden skip
Misdirection,bigger 'accept'
Misdirection,faint 'decline'
Misdirection,only 2 left
Misdirection,limited time offer
Misdirection,buy now
Misdirection,flash deal
Misdirection,highlighted CTA
Misdirection,blurred alternatives
Misdirection,hidden skip
Misdirection,bigger 'accept'
Misdirection,faint 'decline'
Misdirection,only 2 left
Misdirection,limited time offer
Misdirection,buy now
Misdirection,flash deal
Misdirection,highlighted CTA
Misdirection,blurred alternatives
Misdirection,hidden skip
Misdirection,bigger 'accept'
Misdirection,faint 'decline'
Misdirection,only 2 left
Misdirection,limited time offer
Misdirection,buy now
Misdirection,flash deal
Misdirection,highlighted CTA
Misdirection,blurred alternatives
Misdirection,hidden skip
Misdirection,bigger 'accept'
Misdirection,faint 'decline'
Misdirection,only 2 left
Misdirection,limited time offer
Misdirection,buy now
Misdirection,flash deal
Misdirection,highlighted CTA
Misdirection,blurred alternatives
Misdirection,hidden skip
Misdirection,bigger 'accept'
Misdirection,faint 'decline'
Misdirection,only 2 left
Misdirection,limited time offer
Misdirection,buy now
Misdirection,flash deal
Misdirection,highlighted CTA
Misdirection,blurred alternatives
Misdirection,hidden skip
Misdirection,bigger 'accept'
Misdirection,faint 'decline'
Misdirection,only 2 left
Misdirection,limited time offer
Misdirection,buy now
Misdirection,flash deal
Misdirection,highlighted CTA
Misdirection,blurred alternatives
Misdirection,hidden skip
Misdirection,bigger 'accept'
Misdirection,faint 'decline'
Misdirection,only 2 left
Misdirection,limited time offer
Misdirection,buy now
Misdirection,flash deal
Misdirection,highlighted CTA
Misdirection,blurred alternatives
Misdirection,hidden skip
Misdirection,bigger 'accept'
Misdirection,faint 'decline'
Misdirection,only 2 left
Misdirection,limited time offer
Misdirection,buy now
Misdirection,flash deal
Misdirection,highlighted CTA
Misdirection,blurred alternatives
Misdirection,hidden skip
Misdirection,bigger 'accept'
Misdirection,faint 'decline'
Misdirection,only 2 left
Misdirection,limited time offer
Misdirection,buy now
Misdirection,flash deal
Misdirection,highlighted CTA
Misdirection,blurred alternatives
Misdirection,hidden skip
Misdirection,bigger 'accept'
Misdirection,faint 'decline'
Misdirection,only 2 left
Misdirection,limited time offer
Misdirection,buy now
Misdirection,flash deal
Misdirection,highlighted CTA
Misdirection,blurred alternatives
Misdirection,hidden skip
Misdirection,bigger 'accept'
Misdirection,faint 'decline'
Misdirection,only 2 left
Misdirection,limited time offer
Misdirection,buy now
Misdirection,flash deal
Misdirection,highlighted CTA
Misdirection,blurred alternatives
Misdirection,hidden skip
Misdirection,bigger 'accept'
Misdirection,faint 'decline'
Misdirection,only 2 left
Misdirection,limited time offer
Misdirection,buy now
Misdirection,flash deal
Misdirection,highlighted CTA
Misdirection,blurred alternatives
Misdirection,hidden skip
Misdirection,bigger 'accept'
Misdirection,faint 'decline'
Misdirection,only 2 left
Misdirection,limited time offer
Misdirection,buy now
Misdirection,flash deal
Misdirection,highlighted CTA
Misdirection,blurred alternatives
Misdirection,hidden skip
Misdirection,bigger 'accept'
Misdirection,faint 'decline'
Misdirection,only 2 left
Misdirection,limited time offer
Misdirection,buy now
Misdirection,flash deal
Misdirection,highlighted CTA
Misdirection,blurred alternatives
Misdirection,hidden skip
Misdirection,bigger 'accept'
Misdirection,faint 'decline'
Misdirection,only 2 left
Misdirection,limited time offer
Misdirection,buy now
Misdirection,flash deal
Misdirection,highlighted CTA
Misdirection,blurred alternatives
Misdirection,hidden skip
Misdirection,bigger 'accept'
Misdirection,faint 'decline'
Misdirection,only 2 left
Misdirection,limited time offer
Misdirection,buy now
Misdirection,flash deal
Misdirection,highlighted CTA
Misdirection,blurred alternatives
Misdirection,hidden skip
Misdirection,bigger 'accept'
Misdirection,faint 'decline'
Misdirection,only 2 left
Misdirection,limited time offer
Misdirection,buy now
Misdirection,flash deal
Misdirection,highlighted CTA
Misdirection,blurred alternatives
Misdirection,hidden skip
Misdirection,bigger 'accept'
Misdirection,faint 'decline'
Misdirection,only 2 left
Misdirection,limited time offer
Misdirection,buy now
Misdirection,flash deal
Misdirection,highlighted CTA
Misdirection,blurred alternatives
Misdirection,hidden skip
Misdirection,bigger 'accept'
Misdirection,faint 'decline'
Misdirection,only 2 left
Misdirection,limited time offer
Misdirection,buy now
Misdirection,flash deal
Misdirection,highlighted CTA
Misdirection,blurred alternatives
Misdirection,hidden skip
Misdirection,bigger 'accept'
Misdirection,faint 'decline'
Misdirection,only 2 left
Misdirection,limited time offer
Misdirection,buy now
Misdirection,flash deal
Misdirection,highlighted CTA
Misdirection,blurred alternatives
Misdirection,hidden skip
Misdirection,bigger 'accept'
Misdirection,faint 'decline'
Misdirection,only 2 left
Misdirection,limited time offer
Misdirection,buy now
Misdirection,flash deal
Misdirection,highlighted CTA
Misdirection,blurred alternatives
Misdirection,hidden skip
Misdirection,bigger 'accept'
Misdirection,faint 'decline'
Misdirection,only 2 left
Misdirection,limited time offer
Misdirection,buy now
Misdirection,flash deal
Misdirection,highlighted CTA
Misdirection,blurred alternatives
Misdirection,hidden skip
Misdirection,bigger 'accept'
Misdirection,faint 'decline'
Misdirection,only 2 left
Misdirection,limited time offer
Misdirection,buy now
Misdirection,flash deal
Misdirection,highlighted CTA
Misdirection,blurred alternatives
Misdirection,hidden skip
Misdirection,bigger 'accept'
Misdirection,faint 'decline'
Misdirection,only 2 left
Misdirection,limited time offer
Misdirection,buy now
Misdirection,flash deal
Misdirection,highlighted CTA
Misdirection,blurred alternatives
Misdirection,hidden skip
Misdirection,bigger 'accept'
Misdirection,faint 'decline'
Misdirection,only 2 left
Misdirection,limited time offer
Misdirection,buy now
Misdirection,flash deal
Misdirection,highlighted CTA
Misdirection,blurred alternatives
Misdirection,hidden skip
Misdirection,bigger 'accept'
Misdirection,faint 'decline'
Misdirection,only 2 left
Misdirection,limited time offer
Misdirection,buy now
Misdirection,flash deal
Misdirection,highlighted CTA
Misdirection,blurred alternatives
Misdirection,hidden skip
Misdirection,bigger 'accept'
Misdirection,faint 'decline'
Misdirection,only 2 left
Misdirection,limited time offer
Misdirection,buy now
Misdirection,flash deal
Misdirection,highlighted CTA
Misdirection,blurred alternatives
Misdirection,hidden skip
Misdirection,bigger 'accept'
Misdirection,faint 'decline'
Misdirection,only 2 left
Misdirection,limited time offer
Misdirection,buy now
Misdirection,flash deal
Misdirection,highlighted CTA
Misdirection,blurred alternatives
Misdirection,hidden skip
Misdirection,bigger 'accept'
Misdirection,faint 'decline'
Misdirection,only 2 left
Misdirection,limited time offer
Misdirection,buy now
Misdirection,flash deal
Misdirection,highlighted CTA
Misdirection,blurred alternatives
Misdirection,hidden skip
Misdirection,bigger 'accept'
Misdirection,faint 'decline'
Misdirection,only 2 left
Misdirection,limited time offer
Misdirection,buy now
Misdirection,flash deal
Misdirection,highlighted CTA
Misdirection,blurred alternatives
Misdirection,hidden skip
Misdirection,bigger 'accept'
Misdirection,faint 'decline'
Misdirection,only 2 left
Misdirection,limited time offer
Misdirection,buy now
Misdirection,flash deal
Misdirection,highlighted CTA
Misdirection,blurred alternatives
Misdirection,hidden skip
Misdirection,bigger 'accept'
Misdirection,faint 'decline'
Misdirection,only 2 left
Misdirection,limited time offer
Misdirection,buy now
Misdirection,flash deal
Misdirection,highlighted CTA
Misdirection,blurred alternatives
Misdirection,hidden skip
Misdirection,bigger 'accept'
Misdirection,faint 'decline'
Misdirection,only 2 left
Misdirection,limited time offer
Misdirection,buy now
Misdirection,flash deal
Misdirection,highlighted CTA
Misdirection,blurred alternatives
Misdirection,hidden skip
Misdirection,bigger 'accept'
Misdirection,faint 'decline'
Misdirection,only 2 left
Misdirection,limited time offer
Misdirection,buy now
Misdirection,flash deal
Misdirection,highlighted CTA
Misdirection,blurred alternatives
Misdirection,hidden skip
Misdirection,bigger 'accept'
Misdirection,faint 'decline'
Misdirection,only 2 left
Misdirection,limited time offer
Misdirection,buy now
Misdirection,flash deal
Misdirection,highlighted CTA
Misdirection,blurred alternatives
Misdirection,hidden skip
Misdirection,bigger 'accept'
Misdirection,faint 'decline'
Misdirection,only 2 left
Misdirection,limited time offer
Misdirection,buy now
Misdirection,flash deal
Misdirection,highlighted CTA
Misdirection,blurred alternatives
Misdirection,hidden skip
Misdirection,bigger 'accept'
Misdirection,faint 'decline'
Misdirection,only 2 left
Misdirection,limited time offer
Misdirection,buy now
Misdirection,flash deal
Misdirection,highlighted CTA
Misdirection,blurred alternatives
Misdirection,hidden skip
Misdirection,bigger 'accept'
Misdirection,faint 'decline'
Misdirection,only 2 left
Misdirection,limited time offer
Misdirection,buy now
Misdirection,flash deal
Misdirection,highlighted CTA
Misdirection,blurred alternatives
Misdirection,hidden skip
Misdirection,bigger 'accept'
Misdirection,faint 'decline'
Misdirection,only 2 left
Misdirection,limited time offer
Misdirection,buy now
Misdirection,flash deal
Misdirection,highlighted CTA
Misdirection,blurred alternatives
Misdirection,hidden skip
Misdirection,bigger 'accept'
Misdirection,faint 'decline'
Misdirection,only 2 left
Misdirection,limited time offer
Misdirection,buy now
Misdirection,flash deal
Misdirection,highlighted CTA
Misdirection,blurred alternatives
Misdirection,hidden skip
Misdirection,bigger 'accept'
Misdirection,faint 'decline'
Misdirection,only 2 left
Misdirection,limited time offer
Misdirection,buy now
Misdirection,flash deal
Misdirection,highlighted CTA
Misdirection,blurred alternatives
Misdirection,hidden skip
Misdirection,bigger 'accept'
Misdirection,faint 'decline'
Misdirection,flash deal
Misdirection,bigger 'accept'
Misdirection,buy now
Misdirection,only 2 left
Misdirection,highlighted CTA
Forced Continuity,trial ends in 7 days
Forced Continuity,start billing automatically
Forced Continuity,credit card needed
Forced Continuity,convert to paid
Forced Continuity,charge after trial
Forced Continuity,auto billing
Forced Continuity,billing without notice
Forced Continuity,trial ends in 7 days
Forced Continuity,start billing automatically
Forced Continuity,credit card needed
Forced Continuity,convert to paid
Forced Continuity,charge after trial
Forced Continuity,auto billing
Forced Continuity,billing without notice
Forced Continuity,trial ends in 7 days
Forced Continuity,start billing automatically
Forced Continuity,credit card needed
Forced Continuity,convert to paid
Forced Continuity,charge after trial
Forced Continuity,auto billing
Forced Continuity,billing without notice
Forced Continuity,trial ends in 7 days
Forced Continuity,start billing automatically
Forced Continuity,credit card needed
Forced Continuity,convert to paid
Forced Continuity,charge after trial
Forced Continuity,auto billing
Forced Continuity,billing without notice
Forced Continuity,trial ends in 7 days
Forced Continuity,start billing automatically
Forced Continuity,credit card needed
Forced Continuity,convert to paid
Forced Continuity,charge after trial
Forced Continuity,auto billing
Forced Continuity,billing without notice
Forced Continuity,trial ends in 7 days
Forced Continuity,start billing automatically
Forced Continuity,credit card needed
Forced Continuity,convert to paid
Forced Continuity,charge after trial
Forced Continuity,auto billing
Forced Continuity,billing without notice
Forced Continuity,trial ends in 7 days
Forced Continuity,start billing automatically
Forced Continuity,credit card needed
Forced Continuity,convert to paid
Forced Continuity,charge after trial
Forced Continuity,auto billing
Forced Continuity,billing without notice
Forced Continuity,trial ends in 7 days
Forced Continuity,start billing automatically
Forced Continuity,credit card needed
Forced Continuity,convert to paid
Forced Continuity,charge after trial
Forced Continuity,auto billing
Forced Continuity,billing without notice
Forced Continuity,trial ends in 7 days
Forced Continuity,start billing automatically
Forced Continuity,credit card needed
Forced Continuity,convert to paid
Forced Continuity,charge after trial
Forced Continuity,auto billing
Forced Continuity,billing without notice
Forced Continuity,trial ends in 7 days
Forced Continuity,start billing automatically
Forced Continuity,credit card needed
Forced Continuity,convert to paid
Forced Continuity,charge after trial
Forced Continuity,auto billing
Forced Continuity,billing without notice
Forced Continuity,trial ends in 7 days
Forced Continuity,start billing automatically
Forced Continuity,credit card needed
Forced Continuity,convert to paid
Forced Continuity,charge after trial
Forced Continuity,auto billing
Forced Continuity,billing without notice
Forced Continuity,trial ends in 7 days
Forced Continuity,start billing automatically
Forced Continuity,credit card needed
Forced Continuity,convert to paid
Forced Continuity,charge after trial
Forced Continuity,auto billing
Forced Continuity,billing without notice
Forced Continuity,trial ends in 7 days
Forced Continuity,start billing automatically
Forced Continuity,credit card needed
Forced Continuity,convert to paid
Forced Continuity,charge after trial
Forced Continuity,auto billing
Forced Continuity,billing without notice
Forced Continuity,trial ends in 7 days
Forced Continuity,start billing automatically
Forced Continuity,credit card needed
Forced Continuity,convert to paid
Forced Continuity,charge after trial
Forced Continuity,auto billing
Forced Continuity,billing without notice
Forced Continuity,trial ends in 7 days
Forced Continuity,start billing automatically
Forced Continuity,credit card needed
Forced Continuity,convert to paid
Forced Continuity,charge after trial
Forced Continuity,auto billing
Forced Continuity,billing without notice
Forced Continuity,trial ends in 7 days
Forced Continuity,start billing automatically
Forced Continuity,credit card needed
Forced Continuity,convert to paid
Forced Continuity,charge after trial
Forced Continuity,auto billing
Forced Continuity,billing without notice
Forced Continuity,trial ends in 7 days
Forced Continuity,start billing automatically
Forced Continuity,credit card needed
Forced Continuity,convert to paid
Forced Continuity,charge after trial
Forced Continuity,auto billing
Forced Continuity,billing without notice
Forced Continuity,trial ends in 7 days
Forced Continuity,start billing automatically
Forced Continuity,credit card needed
Forced Continuity,convert to paid
Forced Continuity,charge after trial
Forced Continuity,auto billing
Forced Continuity,billing without notice
Forced Continuity,trial ends in 7 days
Forced Continuity,start billing automatically
Forced Continuity,credit card needed
Forced Continuity,convert to paid
Forced Continuity,charge after trial
Forced Continuity,auto billing
Forced Continuity,billing without notice
Forced Continuity,trial ends in 7 days
Forced Continuity,start billing automatically
Forced Continuity,credit card needed
Forced Continuity,convert to paid
Forced Continuity,charge after trial
Forced Continuity,auto billing
Forced Continuity,billing without notice
Forced Continuity,trial ends in 7 days
Forced Continuity,start billing automatically
Forced Continuity,credit card needed
Forced Continuity,convert to paid
Forced Continuity,charge after trial
Forced Continuity,auto billing
Forced Continuity,billing without notice
Forced Continuity,trial ends in 7 days
Forced Continuity,start billing automatically
Forced Continuity,credit card needed
Forced Continuity,convert to paid
Forced Continuity,charge after trial
Forced Continuity,auto billing
Forced Continuity,billing without notice
Forced Continuity,trial ends in 7 days
Forced Continuity,start billing automatically
Forced Continuity,credit card needed
Forced Continuity,convert to paid
Forced Continuity,charge after trial
Forced Continuity,auto billing
Forced Continuity,billing without notice
Forced Continuity,trial ends in 7 days
Forced Continuity,start billing automatically
Forced Continuity,credit card needed
Forced Continuity,convert to paid
Forced Continuity,charge after trial
Forced Continuity,auto billing
Forced Continuity,billing without notice
Forced Continuity,trial ends in 7 days
Forced Continuity,start billing automatically
Forced Continuity,credit card needed
Forced Continuity,convert to paid
Forced Continuity,charge after trial
Forced Continuity,auto billing
Forced Continuity,billing without notice
Forced Continuity,trial ends in 7 days
Forced Continuity,start billing automatically
Forced Continuity,credit card needed
Forced Continuity,convert to paid
Forced Continuity,charge after trial
Forced Continuity,auto billing
Forced Continuity,billing without notice
Forced Continuity,trial ends in 7 days
Forced Continuity,start billing automatically
Forced Continuity,credit card needed
Forced Continuity,convert to paid
Forced Continuity,charge after trial
Forced Continuity,auto billing
Forced Continuity,billing without notice
Forced Continuity,trial ends in 7 days
Forced Continuity,start billing automatically
Forced Continuity,credit card needed
Forced Continuity,convert to paid
Forced Continuity,charge after trial
Forced Continuity,auto billing
Forced Continuity,billing without notice
Forced Continuity,trial ends in 7 days
Forced Continuity,start billing automatically
Forced Continuity,credit card needed
Forced Continuity,convert to paid
Forced Continuity,charge after trial
Forced Continuity,auto billing
Forced Continuity,billing without notice
Forced Continuity,trial ends in 7 days
Forced Continuity,start billing automatically
Forced Continuity,credit card needed
Forced Continuity,convert to paid
Forced Continuity,charge after trial
Forced Continuity,auto billing
Forced Continuity,billing without notice
Forced Continuity,trial ends in 7 days
Forced Continuity,start billing automatically
Forced Continuity,credit card needed
Forced Continuity,convert to paid
Forced Continuity,charge after trial
Forced Continuity,auto billing
Forced Continuity,billing without notice
Forced Continuity,trial ends in 7 days
Forced Continuity,start billing automatically
Forced Continuity,credit card needed
Forced Continuity,convert to paid
Forced Continuity,charge after trial
Forced Continuity,auto billing
Forced Continuity,billing without notice
Forced Continuity,trial ends in 7 days
Forced Continuity,start billing automatically
Forced Continuity,credit card needed
Forced Continuity,convert to paid
Forced Continuity,charge after trial
Forced Continuity,auto billing
Forced Continuity,billing without notice
Forced Continuity,trial ends in 7 days
Forced Continuity,start billing automatically
Forced Continuity,credit card needed
Forced Continuity,convert to paid
Forced Continuity,charge after trial
Forced Continuity,auto billing
Forced Continuity,billing without notice
Forced Continuity,trial ends in 7 days
Forced Continuity,start billing automatically
Forced Continuity,credit card needed
Forced Continuity,convert to paid
Forced Continuity,charge after trial
Forced Continuity,auto billing
Forced Continuity,billing without notice
Forced Continuity,trial ends in 7 days
Forced Continuity,start billing automatically
Forced Continuity,credit card needed
Forced Continuity,convert to paid
Forced Continuity,charge after trial
Forced Continuity,auto billing
Forced Continuity,billing without notice
Forced Continuity,trial ends in 7 days
Forced Continuity,start billing automatically
Forced Continuity,credit card needed
Forced Continuity,convert to paid
Forced Continuity,charge after trial
Forced Continuity,auto billing
Forced Continuity,billing without notice
Forced Continuity,trial ends in 7 days
Forced Continuity,start billing automatically
Forced Continuity,credit card needed
Forced Continuity,convert to paid
Forced Continuity,charge after trial
Forced Continuity,auto billing
Forced Continuity,billing without notice
Forced Continuity,trial ends in 7 days
Forced Continuity,start billing automatically
Forced Continuity,credit card needed
Forced Continuity,convert to paid
Forced Continuity,charge after trial
Forced Continuity,auto billing
Forced Continuity,billing without notice
Forced Continuity,trial ends in 7 days
Forced Continuity,start billing automatically
Forced Continuity,credit card needed
Forced Continuity,convert to paid
Forced Continuity,charge after trial
Forced Continuity,auto billing
Forced Continuity,billing without notice
Forced Continuity,trial ends in 7 days
Forced Continuity,start billing automatically
Forced Continuity,credit card needed
Forced Continuity,convert to paid
Forced Continuity,charge after trial
Forced Continuity,auto billing
Forced Continuity,billing without notice
Forced Continuity,trial ends in 7 days
Forced Continuity,start billing automatically
Forced Continuity,credit card needed
Forced Continuity,convert to paid
Forced Continuity,charge after trial
Forced Continuity,auto billing
Forced Continuity,billing without notice
Forced Continuity,trial ends in 7 days
Forced Continuity,start billing automatically
Forced Continuity,credit card needed
Forced Continuity,convert to paid
Forced Continuity,charge after trial
Forced Continuity,auto billing
Forced Continuity,billing without notice
Forced Continuity,trial ends in 7 days
Forced Continuity,start billing automatically
Forced Continuity,credit card needed
Forced Continuity,convert to paid
Forced Continuity,charge after trial
Forced Continuity,auto billing
Forced Continuity,billing without notice
Forced Continuity,trial ends in 7 days
Forced Continuity,start billing automatically
Forced Continuity,credit card needed
Forced Continuity,convert to paid
Forced Continuity,charge after trial
Forced Continuity,auto billing
Forced Continuity,billing without notice
Forced Continuity,trial ends in 7 days
Forced Continuity,start billing automatically
Forced Continuity,credit card needed
Forced Continuity,convert to paid
Forced Continuity,charge after trial
Forced Continuity,auto billing
Forced Continuity,billing without notice
Forced Continuity,trial ends in 7 days
Forced Continuity,start billing automatically
Forced Continuity,credit card needed
Forced Continuity,convert to paid
Forced Continuity,charge after trial
Forced Continuity,auto billing
Forced Continuity,billing without notice
Forced Continuity,trial ends in 7 days
Forced Continuity,start billing automatically
Forced Continuity,credit card needed
Forced Continuity,convert to paid
Forced Continuity,charge after trial
Forced Continuity,auto billing
Forced Continuity,billing without notice
Forced Continuity,trial ends in 7 days
Forced Continuity,start billing automatically
Forced Continuity,credit card needed
Forced Continuity,convert to paid
Forced Continuity,charge after trial
Forced Continuity,auto billing
Forced Continuity,billing without notice
Forced Continuity,trial ends in 7 days
Forced Continuity,start billing automatically
Forced Continuity,credit card needed
Forced Continuity,convert to paid
Forced Continuity,charge after trial
Forced Continuity,auto billing
Forced Continuity,billing without notice
Forced Continuity,trial ends in 7 days
Forced Continuity,start billing automatically
Forced Continuity,credit card needed
Forced Continuity,convert to paid
Forced Continuity,charge after trial
Forced Continuity,auto billing
Forced Continuity,billing without notice
Forced Continuity,trial ends in 7 days
Forced Continuity,start billing automatically
Forced Continuity,credit card needed
Forced Continuity,convert to paid
Forced Continuity,charge after trial
Forced Continuity,auto billing
Forced Continuity,billing without notice
Forced Continuity,trial ends in 7 days
Forced Continuity,start billing automatically
Forced Continuity,credit card needed
Forced Continuity,convert to paid
Forced Continuity,charge after trial
Forced Continuity,auto billing
Forced Continuity,billing without notice
Forced Continuity,trial ends in 7 days
Forced Continuity,start billing automatically
Forced Continuity,credit card needed
Forced Continuity,convert to paid
Forced Continuity,charge after trial
Forced Continuity,auto billing
Forced Continuity,billing without notice
Forced Continuity,trial ends in 7 days
Forced Continuity,start billing automatically
Forced Continuity,credit card needed
Forced Continuity,convert to paid
Forced Continuity,charge after trial
Forced Continuity,auto billing
Forced Continuity,billing without notice
Forced Continuity,trial ends in 7 days
Forced Continuity,start billing automatically
Forced Continuity,credit card needed
Forced Continuity,convert to paid
Forced Continuity,charge after trial
Forced Continuity,auto billing
Forced Continuity,billing without notice
Forced Continuity,trial ends in 7 days
Forced Continuity,start billing automatically
Forced Continuity,credit card needed
Forced Continuity,convert to paid
Forced Continuity,charge after trial
Forced Continuity,auto billing
Forced Continuity,billing without notice
Forced Continuity,trial ends in 7 days
Forced Continuity,start billing automatically
Forced Continuity,credit card needed
Forced Continuity,convert to paid
Forced Continuity,charge after trial
Forced Continuity,auto billing
Forced Continuity,billing without notice
Forced Continuity,trial ends in 7 days
Forced Continuity,start billing automatically
Forced Continuity,credit card needed
Forced Continuity,convert to paid
Forced Continuity,charge after trial
Forced Continuity,auto billing
Forced Continuity,billing without notice
Forced Continuity,trial ends in 7 days
Forced Continuity,start billing automatically
Forced Continuity,credit card needed
Forced Continuity,convert to paid
Forced Continuity,charge after trial
Forced Continuity,auto billing
Forced Continuity,billing without notice
Forced Continuity,trial ends in 7 days
Forced Continuity,start billing automatically
Forced Continuity,credit card needed
Forced Continuity,convert to paid
Forced Continuity,charge after trial
Forced Continuity,auto billing
Forced Continuity,billing without notice
Forced Continuity,trial ends in 7 days
Forced Continuity,start billing automatically
Forced Continuity,credit card needed
Forced Continuity,convert to paid
Forced Continuity,charge after trial
Forced Continuity,auto billing
Forced Continuity,billing without notice
Forced Continuity,trial ends in 7 days
Forced Continuity,start billing automatically
Forced Continuity,credit card needed
Forced Continuity,convert to paid
Forced Continuity,charge after trial
Forced Continuity,auto billing
Forced Continuity,billing without notice
Forced Continuity,trial ends in 7 days
Forced Continuity,start billing automatically
Forced Continuity,credit card needed
Forced Continuity,convert to paid
Forced Continuity,charge after trial
Forced Continuity,auto billing
Forced Continuity,billing without notice
Forced Continuity,trial ends in 7 days
Forced Continuity,start billing automatically
Forced Continuity,credit card needed
Forced Continuity,convert to paid
Forced Continuity,charge after trial
Forced Continuity,auto billing
Forced Continuity,billing without notice
Forced Continuity,trial ends in 7 days
Forced Continuity,start billing automatically
Forced Continuity,credit card needed
Forced Continuity,convert to paid
Forced Continuity,charge after trial
Forced Continuity,auto billing
Forced Continuity,billing without notice
Forced Continuity,trial ends in 7 days
Forced Continuity,start billing automatically
Forced Continuity,credit card needed
Forced Continuity,convert to paid
Forced Continuity,charge after trial
Forced Continuity,auto billing
Forced Continuity,billing without notice
Forced Continuity,trial ends in 7 days
Forced Continuity,start billing automatically
Forced Continuity,credit card needed
Forced Continuity,convert to paid
Forced Continuity,charge after trial
Forced Continuity,auto billing
Forced Continuity,billing without notice
Forced Continuity,trial ends in 7 days
Forced Continuity,start billing automatically
Forced Continuity,credit card needed
Forced Continuity,convert to paid
Forced Continuity,charge after trial
Forced Continuity,auto billing
Forced Continuity,billing without notice
Forced Continuity,trial ends in 7 days
Forced Continuity,start billing automatically
Forced Continuity,credit card needed
Forced Continuity,convert to paid
Forced Continuity,charge after trial
Forced Continuity,auto billing
Forced Continuity,billing without notice
Forced Continuity,trial ends in 7 days
Forced Continuity,start billing automatically
Forced Continuity,credit card needed
Forced Continuity,convert to paid
Forced Continuity,charge after trial
Forced Continuity,auto billing
Forced Continuity,billing without notice
Forced Continuity,charge after trial
Forced Continuity,trial ends in 7 days
Forced Continuity,convert to paid
Privacy Zuckering,share data by default
Privacy Zuckering,accept all cookies
Privacy Zuckering,track everything
Privacy Zuckering,pre-checked consent
Privacy Zuckering,give data access
Privacy Zuckering,share location
Privacy Zuckering,sell your data
Privacy Zuckering,share data by default
Privacy Zuckering,accept all cookies
Privacy Zuckering,track everything
Privacy Zuckering,pre-checked consent
Privacy Zuckering,give data access
Privacy Zuckering,share location
Privacy Zuckering,sell your data
Privacy Zuckering,share data by default
Privacy Zuckering,accept all cookies
Privacy Zuckering,track everything
Privacy Zuckering,pre-checked consent
Privacy Zuckering,give data access
Privacy Zuckering,share location
Privacy Zuckering,sell your data
Privacy Zuckering,share data by default
Privacy Zuckering,accept all cookies
Privacy Zuckering,track everything
Privacy Zuckering,pre-checked consent
Privacy Zuckering,give data access
Privacy Zuckering,share location
Privacy Zuckering,sell your data
Privacy Zuckering,share data by default
Privacy Zuckering,accept all cookies
Privacy Zuckering,track everything
Privacy Zuckering,pre-checked consent
Privacy Zuckering,give data access
Privacy Zuckering,share location
Privacy Zuckering,sell your data
Privacy Zuckering,share data by default
Privacy Zuckering,accept all cookies
Privacy Zuckering,track everything
Privacy Zuckering,pre-checked consent
Privacy Zuckering,give data access
Privacy Zuckering,share location
Privacy Zuckering,sell your data
Privacy Zuckering,share data by default
Privacy Zuckering,accept all cookies
Privacy Zuckering,track everything
Privacy Zuckering,pre-checked consent
Privacy Zuckering,give data access
Privacy Zuckering,share location
Privacy Zuckering,sell your data
Privacy Zuckering,share data by default
Privacy Zuckering,accept all cookies
Privacy Zuckering,track everything
Privacy Zuckering,pre-checked consent
Privacy Zuckering,give data access
Privacy Zuckering,share location
Privacy Zuckering,sell your data
Privacy Zuckering,share data by default
Privacy Zuckering,accept all cookies
Privacy Zuckering,track everything
Privacy Zuckering,pre-checked consent
Privacy Zuckering,give data access
Privacy Zuckering,share location
Privacy Zuckering,sell your data
Privacy Zuckering,share data by default
Privacy Zuckering,accept all cookies
Privacy Zuckering,track everything
Privacy Zuckering,pre-checked consent
Privacy Zuckering,give data access
Privacy Zuckering,share location
Privacy Zuckering,sell your data
Privacy Zuckering,share data by default
Privacy Zuckering,accept all cookies
Privacy Zuckering,track everything
Privacy Zuckering,pre-checked consent
Privacy Zuckering,give data access
Privacy Zuckering,share location
Privacy Zuckering,sell your data
Privacy Zuckering,share data by default
Privacy Zuckering,accept all cookies
Privacy Zuckering,track everything
Privacy Zuckering,pre-checked consent
Privacy Zuckering,give data access
Privacy Zuckering,share location
Privacy Zuckering,sell your data
Privacy Zuckering,share data by default
Privacy Zuckering,accept all cookies
Privacy Zuckering,track everything
Privacy Zuckering,pre-checked consent
Privacy Zuckering,give data access
Privacy Zuckering,share location
Privacy Zuckering,sell your data
Privacy Zuckering,share data by default
Privacy Zuckering,accept all cookies
Privacy Zuckering,track everything
Privacy Zuckering,pre-checked consent
Privacy Zuckering,give data access
Privacy Zuckering,share location
Privacy Zuckering,sell your data
Privacy Zuckering,share data by default
Privacy Zuckering,accept all cookies
Privacy Zuckering,track everything
Privacy Zuckering,pre-checked consent
Privacy Zuckering,give data access
Privacy Zuckering,share location
Privacy Zuckering,sell your data
Privacy Zuckering,share data by default
Privacy Zuckering,accept all cookies
Privacy Zuckering,track everything
Privacy Zuckering,pre-checked consent
Privacy Zuckering,give data access
Privacy Zuckering,share location
Privacy Zuckering,sell your data
Privacy Zuckering,share data by default
Privacy Zuckering,accept all cookies
Privacy Zuckering,track everything
Privacy Zuckering,pre-checked consent
Privacy Zuckering,give data access
Privacy Zuckering,share location
Privacy Zuckering,sell your data
Privacy Zuckering,share data by default
Privacy Zuckering,accept all cookies
Privacy Zuckering,track everything
Privacy Zuckering,pre-checked consent
Privacy Zuckering,give data access
Privacy Zuckering,share location
Privacy Zuckering,sell your data
Privacy Zuckering,share data by default
Privacy Zuckering,accept all cookies
Privacy Zuckering,track everything
Privacy Zuckering,pre-checked consent
Privacy Zuckering,give data access
Privacy Zuckering,share location
Privacy Zuckering,sell your data
Privacy Zuckering,share data by default
Privacy Zuckering,accept all cookies
Privacy Zuckering,track everything
Privacy Zuckering,pre-checked consent
Privacy Zuckering,give data access
Privacy Zuckering,share location
Privacy Zuckering,sell your data
Privacy Zuckering,share data by default
Privacy Zuckering,accept all cookies
Privacy Zuckering,track everything
Privacy Zuckering,pre-checked consent
Privacy Zuckering,give data access
Privacy Zuckering,share location
Privacy Zuckering,sell your data
Privacy Zuckering,share data by default
Privacy Zuckering,accept all cookies
Privacy Zuckering,track everything
Privacy Zuckering,pre-checked consent
Privacy Zuckering,give data access
Privacy Zuckering,share location
Privacy Zuckering,sell your data
Privacy Zuckering,share data by default
Privacy Zuckering,accept all cookies
Privacy Zuckering,track everything
Privacy Zuckering,pre-checked consent
Privacy Zuckering,give data access
Privacy Zuckering,share location
Privacy Zuckering,sell your data
Privacy Zuckering,share data by default
Privacy Zuckering,accept all cookies
Privacy Zuckering,track everything
Privacy Zuckering,pre-checked consent
Privacy Zuckering,give data access
Privacy Zuckering,share location
Privacy Zuckering,sell your data
Privacy Zuckering,share data by default
Privacy Zuckering,accept all cookies
Privacy Zuckering,track everything
Privacy Zuckering,pre-checked consent
Privacy Zuckering,give data access
Privacy Zuckering,share location
Privacy Zuckering,sell your data
Privacy Zuckering,share data by default
Privacy Zuckering,accept all cookies
Privacy Zuckering,track everything
Privacy Zuckering,pre-checked consent
Privacy Zuckering,give data access
Privacy Zuckering,share location
Privacy Zuckering,sell your data
Privacy Zuckering,share data by default
Privacy Zuckering,accept all cookies
Privacy Zuckering,track everything
Privacy Zuckering,pre-checked consent
Privacy Zuckering,give data access
Privacy Zuckering,share location
Privacy Zuckering,sell your data
Privacy Zuckering,share data by default
Privacy Zuckering,accept all cookies
Privacy Zuckering,track everything
Privacy Zuckering,pre-checked consent
Privacy Zuckering,give data access
Privacy Zuckering,share location
Privacy Zuckering,sell your data
Privacy Zuckering,share data by default
Privacy Zuckering,accept all cookies
Privacy Zuckering,track everything
Privacy Zuckering,pre-checked consent
Privacy Zuckering,give data access
Privacy Zuckering,share location
Privacy Zuckering,sell your data
Privacy Zuckering,share data by default
Privacy Zuckering,accept all cookies
Privacy Zuckering,track everything
Privacy Zuckering,pre-checked consent
Privacy Zuckering,give data access
Privacy Zuckering,share location
Privacy Zuckering,sell your data
Privacy Zuckering,share data by default
Privacy Zuckering,accept all cookies
Privacy Zuckering,track everything
Privacy Zuckering,pre-checked consent
Privacy Zuckering,give data access
Privacy Zuckering,share location
Privacy Zuckering,sell your data
Privacy Zuckering,share data by default
Privacy Zuckering,accept all cookies
Privacy Zuckering,track everything
Privacy Zuckering,pre-checked consent
Privacy Zuckering,give data access
Privacy Zuckering,share location
Privacy Zuckering,sell your data
Privacy Zuckering,share data by default
Privacy Zuckering,accept all cookies
Privacy Zuckering,track everything
Privacy Zuckering,pre-checked consent
Privacy Zuckering,give data access
Privacy Zuckering,share location
Privacy Zuckering,sell your data
Privacy Zuckering,share data by default
Privacy Zuckering,accept all cookies
Privacy Zuckering,track everything
Privacy Zuckering,pre-checked consent
Privacy Zuckering,give data access
Privacy Zuckering,share location
Privacy Zuckering,sell your data
Privacy Zuckering,share data by default
Privacy Zuckering,accept all cookies
Privacy Zuckering,track everything
Privacy Zuckering,pre-checked consent
Privacy Zuckering,give data access
Privacy Zuckering,share location
Privacy Zuckering,sell your data
Privacy Zuckering,share data by default
Privacy Zuckering,accept all cookies
Privacy Zuckering,track everything
Privacy Zuckering,pre-checked consent
Privacy Zuckering,give data access
Privacy Zuckering,share location
Privacy Zuckering,sell your data
Privacy Zuckering,share data by default
Privacy Zuckering,accept all cookies
Privacy Zuckering,track everything
Privacy Zuckering,pre-checked consent
Privacy Zuckering,give data access
Privacy Zuckering,share location
Privacy Zuckering,sell your data
Privacy Zuckering,share data by default
Privacy Zuckering,accept all cookies
Privacy Zuckering,track everything
Privacy Zuckering,pre-checked consent
Privacy Zuckering,give data access
Privacy Zuckering,share location
Privacy Zuckering,sell your data
Privacy Zuckering,share data by default
Privacy Zuckering,accept all cookies
Privacy Zuckering,track everything
Privacy Zuckering,pre-checked consent
Privacy Zuckering,give data access
Privacy Zuckering,share location
Privacy Zuckering,sell your data
Privacy Zuckering,share data by default
Privacy Zuckering,accept all cookies
Privacy Zuckering,track everything
Privacy Zuckering,pre-checked consent
Privacy Zuckering,give data access
Privacy Zuckering,share location
Privacy Zuckering,sell your data
Privacy Zuckering,share data by default
Privacy Zuckering,accept all cookies
Privacy Zuckering,track everything
Privacy Zuckering,pre-checked consent
Privacy Zuckering,give data access
Privacy Zuckering,share location
Privacy Zuckering,sell your data
Privacy Zuckering,share data by default
Privacy Zuckering,accept all cookies
Privacy Zuckering,track everything
Privacy Zuckering,pre-checked consent
Privacy Zuckering,give data access
Privacy Zuckering,share location
Privacy Zuckering,sell your data
Privacy Zuckering,share data by default
Privacy Zuckering,accept all cookies
Privacy Zuckering,track everything
Privacy Zuckering,pre-checked consent
Privacy Zuckering,give data access
Privacy Zuckering,share location
Privacy Zuckering,sell your data
Privacy Zuckering,share data by default
Privacy Zuckering,accept all cookies
Privacy Zuckering,track everything
Privacy Zuckering,pre-checked consent
Privacy Zuckering,give data access
Privacy Zuckering,share location
Privacy Zuckering,sell your data
Privacy Zuckering,share data by default
Privacy Zuckering,accept all cookies
Privacy Zuckering,track everything
Privacy Zuckering,pre-checked consent
Privacy Zuckering,give data access
Privacy Zuckering,share location
Privacy Zuckering,sell your data
Privacy Zuckering,share data by default
Privacy Zuckering,accept all cookies
Privacy Zuckering,track everything
Privacy Zuckering,pre-checked consent
Privacy Zuckering,give data access
Privacy Zuckering,share location
Privacy Zuckering,sell your data
Privacy Zuckering,share data by default
Privacy Zuckering,accept all cookies
Privacy Zuckering,track everything
Privacy Zuckering,pre-checked consent
Privacy Zuckering,give data access
Privacy Zuckering,share location
Privacy Zuckering,sell your data
Privacy Zuckering,share data by default
Privacy Zuckering,accept all cookies
Privacy Zuckering,track everything
Privacy Zuckering,pre-checked consent
Privacy Zuckering,give data access
Privacy Zuckering,share location
Privacy Zuckering,sell your data
Privacy Zuckering,share data by default
Privacy Zuckering,accept all cookies
Privacy Zuckering,track everything
Privacy Zuckering,pre-checked consent
Privacy Zuckering,give data access
Privacy Zuckering,share location
Privacy Zuckering,sell your data
Privacy Zuckering,share data by default
Privacy Zuckering,accept all cookies
Privacy Zuckering,track everything
Privacy Zuckering,pre-checked consent
Privacy Zuckering,give data access
Privacy Zuckering,share location
Privacy Zuckering,sell your data
Privacy Zuckering,share data by default
Privacy Zuckering,accept all cookies
Privacy Zuckering,track everything
Privacy Zuckering,pre-checked consent
Privacy Zuckering,give data access
Privacy Zuckering,share location
Privacy Zuckering,sell your data
Privacy Zuckering,share data by default
Privacy Zuckering,accept all cookies
Privacy Zuckering,track everything
Privacy Zuckering,pre-checked consent
Privacy Zuckering,give data access
Privacy Zuckering,share location
Privacy Zuckering,sell your data
Privacy Zuckering,share data by default
Privacy Zuckering,accept all cookies
Privacy Zuckering,track everything
Privacy Zuckering,pre-checked consent
Privacy Zuckering,give data access
Privacy Zuckering,share location
Privacy Zuckering,sell your data
Privacy Zuckering,share data by default
Privacy Zuckering,accept all cookies
Privacy Zuckering,track everything
Privacy Zuckering,pre-checked consent
Privacy Zuckering,give data access
Privacy Zuckering,share location
Privacy Zuckering,sell your data
Privacy Zuckering,share data by default
Privacy Zuckering,accept all cookies
Privacy Zuckering,track everything
Privacy Zuckering,pre-checked consent
Privacy Zuckering,give data access
Privacy Zuckering,share location
Privacy Zuckering,sell your data
Privacy Zuckering,share data by default
Privacy Zuckering,accept all cookies
Privacy Zuckering,track everything
Privacy Zuckering,pre-checked consent
Privacy Zuckering,give data access
Privacy Zuckering,share location
Privacy Zuckering,sell your data
Privacy Zuckering,share data by default
Privacy Zuckering,accept all cookies
Privacy Zuckering,track everything
Privacy Zuckering,pre-checked consent
Privacy Zuckering,give data access
Privacy Zuckering,share location
Privacy Zuckering,sell your data
Privacy Zuckering,share data by default
Privacy Zuckering,accept all cookies
Privacy Zuckering,track everything
Privacy Zuckering,pre-checked consent
Privacy Zuckering,give data access
Privacy Zuckering,share location
Privacy Zuckering,sell your data
Privacy Zuckering,share data by default
Privacy Zuckering,accept all cookies
Privacy Zuckering,track everything
Privacy Zuckering,pre-checked consent
Privacy Zuckering,give data access
Privacy Zuckering,share location
Privacy Zuckering,sell your data
Privacy Zuckering,share data by default
Privacy Zuckering,accept all cookies
Privacy Zuckering,track everything
Privacy Zuckering,pre-checked consent
Privacy Zuckering,give data access
Privacy Zuckering,share location
Privacy Zuckering,sell your data
Privacy Zuckering,share data by default
Privacy Zuckering,accept all cookies
Privacy Zuckering,track everything
Privacy Zuckering,pre-checked consent
Privacy Zuckering,give data access
Privacy Zuckering,share location
Privacy Zuckering,sell your data
Privacy Zuckering,share data by default
Privacy Zuckering,accept all cookies
Privacy Zuckering,track everything
Privacy Zuckering,pre-checked consent
Privacy Zuckering,give data access
Privacy Zuckering,share location
Privacy Zuckering,sell your data
Privacy Zuckering,share data by default
Privacy Zuckering,accept all cookies
Privacy Zuckering,track everything
Privacy Zuckering,pre-checked consent
Privacy Zuckering,give data access
Privacy Zuckering,share location
Privacy Zuckering,sell your data
Privacy Zuckering,share data by default
Privacy Zuckering,accept all cookies
Privacy Zuckering,track everything
Privacy Zuckering,pre-checked consent
Privacy Zuckering,give data access
Privacy Zuckering,share location
Privacy Zuckering,sell your data
Privacy Zuckering,share data by default
Privacy Zuckering,accept all cookies
Privacy Zuckering,track everything
Privacy Zuckering,pre-checked consent
Privacy Zuckering,give data access
Privacy Zuckering,share location
Privacy Zuckering,sell your data
Privacy Zuckering,share data by default
Privacy Zuckering,accept all cookies
Privacy Zuckering,track everything
Privacy Zuckering,pre-checked consent
Privacy Zuckering,give data access
Privacy Zuckering,share location
Privacy Zuckering,sell your data
Privacy Zuckering,share data by default
Privacy Zuckering,accept all cookies
Privacy Zuckering,track everything
Privacy Zuckering,pre-checked consent
Privacy Zuckering,give data access
Privacy Zuckering,share location
Privacy Zuckering,sell your data
Privacy Zuckering,share data by default
Privacy Zuckering,accept all cookies
Privacy Zuckering,track everything
Privacy Zuckering,pre-checked consent
Privacy Zuckering,give data access
Privacy Zuckering,share location
Privacy Zuckering,sell your data
Privacy Zuckering,share data by default
Privacy Zuckering,accept all cookies
Privacy Zuckering,track everything
Privacy Zuckering,pre-checked consent
Privacy Zuckering,give data access
Privacy Zuckering,share location
Privacy Zuckering,sell your data
Privacy Zuckering,share data by default
Privacy Zuckering,accept all cookies
Privacy Zuckering,track everything
Privacy Zuckering,pre-checked consent
Privacy Zuckering,give data access
Privacy Zuckering,share location
Privacy Zuckering,sell your data
Privacy Zuckering,share data by default
Privacy Zuckering,accept all cookies
Privacy Zuckering,track everything
Privacy Zuckering,pre-checked consent
Privacy Zuckering,give data access
Privacy Zuckering,share location
Privacy Zuckering,sell your data
Privacy Zuckering,sell your data
Privacy Zuckering,accept all cookies
Privacy Zuckering,share data by default
Social Proof Manipulation,others just bought
Social Proof Manipulation,trending now
Social Proof Manipulation,X people watching
Social Proof Manipulation,countdown timer
Social Proof Manipulation,hurry up
Social Proof Manipulation,just sold out
Social Proof Manipulation,live purchase feed
Social Proof Manipulation,others just bought
Social Proof Manipulation,trending now
Social Proof Manipulation,X people watching
Social Proof Manipulation,countdown timer
Social Proof Manipulation,hurry up
Social Proof Manipulation,just sold out
Social Proof Manipulation,live purchase feed
Social Proof Manipulation,others just bought
Social Proof Manipulation,trending now
Social Proof Manipulation,X people watching
Social Proof Manipulation,countdown timer
Social Proof Manipulation,hurry up
Social Proof Manipulation,just sold out
Social Proof Manipulation,live purchase feed
Social Proof Manipulation,others just bought
Social Proof Manipulation,trending now
Social Proof Manipulation,X people watching
Social Proof Manipulation,countdown timer
Social Proof Manipulation,hurry up
Social Proof Manipulation,just sold out
Social Proof Manipulation,live purchase feed
Social Proof Manipulation,others just bought
Social Proof Manipulation,trending now
Social Proof Manipulation,X people watching
Social Proof Manipulation,countdown timer
Social Proof Manipulation,hurry up
Social Proof Manipulation,just sold out
Social Proof Manipulation,live purchase feed
Social Proof Manipulation,others just bought
Social Proof Manipulation,trending now
Social Proof Manipulation,X people watching
Social Proof Manipulation,countdown timer
Social Proof Manipulation,hurry up
Social Proof Manipulation,just sold out
Social Proof Manipulation,live purchase feed
Social Proof Manipulation,others just bought
Social Proof Manipulation,trending now
Social Proof Manipulation,X people watching
Social Proof Manipulation,countdown timer
Social Proof Manipulation,hurry up
Social Proof Manipulation,just sold out
Social Proof Manipulation,live purchase feed
Social Proof Manipulation,others just bought
Social Proof Manipulation,trending now
Social Proof Manipulation,X people watching
Social Proof Manipulation,countdown timer
Social Proof Manipulation,hurry up
Social Proof Manipulation,just sold out
Social Proof Manipulation,live purchase feed
Social Proof Manipulation,others just bought
Social Proof Manipulation,trending now
Social Proof Manipulation,X people watching
Social Proof Manipulation,countdown timer
Social Proof Manipulation,hurry up
Social Proof Manipulation,just sold out
Social Proof Manipulation,live purchase feed
Social Proof Manipulation,others just bought
Social Proof Manipulation,trending now
Social Proof Manipulation,X people watching
Social Proof Manipulation,countdown timer
Social Proof Manipulation,hurry up
Social Proof Manipulation,just sold out
Social Proof Manipulation,live purchase feed
Social Proof Manipulation,others just bought
Social Proof Manipulation,trending now
Social Proof Manipulation,X people watching
Social Proof Manipulation,countdown timer
Social Proof Manipulation,hurry up
Social Proof Manipulation,just sold out
Social Proof Manipulation,live purchase feed
Social Proof Manipulation,others just bought
Social Proof Manipulation,trending now
Social Proof Manipulation,X people watching
Social Proof Manipulation,countdown timer
Social Proof Manipulation,hurry up
Social Proof Manipulation,just sold out
Social Proof Manipulation,live purchase feed
Social Proof Manipulation,others just bought
Social Proof Manipulation,trending now
Social Proof Manipulation,X people watching
Social Proof Manipulation,countdown timer
Social Proof Manipulation,hurry up
Social Proof Manipulation,just sold out
Social Proof Manipulation,live purchase feed
Social Proof Manipulation,others just bought
Social Proof Manipulation,trending now
Social Proof Manipulation,X people watching
Social Proof Manipulation,countdown timer
Social Proof Manipulation,hurry up
Social Proof Manipulation,just sold out
Social Proof Manipulation,live purchase feed
Social Proof Manipulation,others just bought
Social Proof Manipulation,trending now
Social Proof Manipulation,X people watching
Social Proof Manipulation,countdown timer
Social Proof Manipulation,hurry up
Social Proof Manipulation,just sold out
Social Proof Manipulation,live purchase feed
Social Proof Manipulation,others just bought
Social Proof Manipulation,trending now
Social Proof Manipulation,X people watching
Social Proof Manipulation,countdown timer
Social Proof Manipulation,hurry up
Social Proof Manipulation,just sold out
Social Proof Manipulation,live purchase feed
Social Proof Manipulation,others just bought
Social Proof Manipulation,trending now
Social Proof Manipulation,X people watching
Social Proof Manipulation,countdown timer
Social Proof Manipulation,hurry up
Social Proof Manipulation,just sold out
Social Proof Manipulation,live purchase feed
Social Proof Manipulation,others just bought
Social Proof Manipulation,trending now
Social Proof Manipulation,X people watching
Social Proof Manipulation,countdown timer
Social Proof Manipulation,hurry up
Social Proof Manipulation,just sold out
Social Proof Manipulation,live purchase feed
Social Proof Manipulation,others just bought
Social Proof Manipulation,trending now
Social Proof Manipulation,X people watching
Social Proof Manipulation,countdown timer
Social Proof Manipulation,hurry up
Social Proof Manipulation,just sold out
Social Proof Manipulation,live purchase feed
Social Proof Manipulation,others just bought
Social Proof Manipulation,trending now
Social Proof Manipulation,X people watching
Social Proof Manipulation,countdown timer
Social Proof Manipulation,hurry up
Social Proof Manipulation,just sold out
Social Proof Manipulation,live purchase feed
Social Proof Manipulation,others just bought
Social Proof Manipulation,trending now
Social Proof Manipulation,X people watching
Social Proof Manipulation,countdown timer
Social Proof Manipulation,hurry up
Social Proof Manipulation,just sold out
Social Proof Manipulation,live purchase feed
Social Proof Manipulation,others just bought
Social Proof Manipulation,trending now
Social Proof Manipulation,X people watching
Social Proof Manipulation,countdown timer
Social Proof Manipulation,hurry up
Social Proof Manipulation,just sold out
Social Proof Manipulation,live purchase feed
Social Proof Manipulation,others just bought
Social Proof Manipulation,trending now
Social Proof Manipulation,X people watching
Social Proof Manipulation,countdown timer
Social Proof Manipulation,hurry up
Social Proof Manipulation,just sold out
Social Proof Manipulation,live purchase feed
Social Proof Manipulation,others just bought
Social Proof Manipulation,trending now
Social Proof Manipulation,X people watching
Social Proof Manipulation,countdown timer
Social Proof Manipulation,hurry up
Social Proof Manipulation,just sold out
Social Proof Manipulation,live purchase feed
Social Proof Manipulation,others just bought
Social Proof Manipulation,trending now
Social Proof Manipulation,X people watching
Social Proof Manipulation,countdown timer
Social Proof Manipulation,hurry up
Social Proof Manipulation,just sold out
Social Proof Manipulation,live purchase feed
Social Proof Manipulation,others just bought
Social Proof Manipulation,trending now
Social Proof Manipulation,X people watching
Social Proof Manipulation,countdown timer
Social Proof Manipulation,hurry up
Social Proof Manipulation,just sold out
Social Proof Manipulation,live purchase feed
Social Proof Manipulation,others just bought
Social Proof Manipulation,trending now
Social Proof Manipulation,X people watching
Social Proof Manipulation,countdown timer
Social Proof Manipulation,hurry up
Social Proof Manipulation,just sold out
Social Proof Manipulation,live purchase feed
Social Proof Manipulation,others just bought
Social Proof Manipulation,trending now
Social Proof Manipulation,X people watching
Social Proof Manipulation,countdown timer
Social Proof Manipulation,hurry up
Social Proof Manipulation,just sold out
Social Proof Manipulation,live purchase feed
Social Proof Manipulation,others just bought
Social Proof Manipulation,trending now
Social Proof Manipulation,X people watching
Social Proof Manipulation,countdown timer
Social Proof Manipulation,hurry up
Social Proof Manipulation,just sold out
Social Proof Manipulation,live purchase feed
Social Proof Manipulation,others just bought
Social Proof Manipulation,trending now
Social Proof Manipulation,X people watching
Social Proof Manipulation,countdown timer
Social Proof Manipulation,hurry up
Social Proof Manipulation,just sold out
Social Proof Manipulation,live purchase feed
Social Proof Manipulation,others just bought
Social Proof Manipulation,trending now
Social Proof Manipulation,X people watching
Social Proof Manipulation,countdown timer
Social Proof Manipulation,hurry up
Social Proof Manipulation,just sold out
Social Proof Manipulation,live purchase feed
Social Proof Manipulation,others just bought
Social Proof Manipulation,trending now
Social Proof Manipulation,X people watching
Social Proof Manipulation,countdown timer
Social Proof Manipulation,hurry up
Social Proof Manipulation,just sold out
Social Proof Manipulation,live purchase feed
Social Proof Manipulation,others just bought
Social Proof Manipulation,trending now
Social Proof Manipulation,X people watching
Social Proof Manipulation,countdown timer
Social Proof Manipulation,hurry up
Social Proof Manipulation,just sold out
Social Proof Manipulation,live purchase feed
Social Proof Manipulation,others just bought
Social Proof Manipulation,trending now
Social Proof Manipulation,X people watching
Social Proof Manipulation,countdown timer
Social Proof Manipulation,hurry up
Social Proof Manipulation,just sold out
Social Proof Manipulation,live purchase feed
Social Proof Manipulation,others just bought
Social Proof Manipulation,trending now
Social Proof Manipulation,X people watching
Social Proof Manipulation,countdown timer
Social Proof Manipulation,hurry up
Social Proof Manipulation,just sold out
Social Proof Manipulation,live purchase feed
Social Proof Manipulation,others just bought
Social Proof Manipulation,trending now
Social Proof Manipulation,X people watching
Social Proof Manipulation,countdown timer
Social Proof Manipulation,hurry up
Social Proof Manipulation,just sold out
Social Proof Manipulation,live purchase feed
Social Proof Manipulation,others just bought
Social Proof Manipulation,trending now
Social Proof Manipulation,X people watching
Social Proof Manipulation,countdown timer
Social Proof Manipulation,hurry up
Social Proof Manipulation,just sold out
Social Proof Manipulation,live purchase feed
Social Proof Manipulation,others just bought
Social Proof Manipulation,trending now
Social Proof Manipulation,X people watching
Social Proof Manipulation,countdown timer
Social Proof Manipulation,hurry up
Social Proof Manipulation,just sold out
Social Proof Manipulation,live purchase feed
Social Proof Manipulation,others just bought
Social Proof Manipulation,trending now
Social Proof Manipulation,X people watching
Social Proof Manipulation,countdown timer
Social Proof Manipulation,hurry up
Social Proof Manipulation,just sold out
Social Proof Manipulation,live purchase feed
Social Proof Manipulation,others just bought
Social Proof Manipulation,trending now
Social Proof Manipulation,X people watching
Social Proof Manipulation,countdown timer
Social Proof Manipulation,hurry up
Social Proof Manipulation,just sold out
Social Proof Manipulation,live purchase feed
Social Proof Manipulation,others just bought
Social Proof Manipulation,trending now
Social Proof Manipulation,X people watching
Social Proof Manipulation,countdown timer
Social Proof Manipulation,hurry up
Social Proof Manipulation,just sold out
Social Proof Manipulation,live purchase feed
Social Proof Manipulation,others just bought
Social Proof Manipulation,trending now
Social Proof Manipulation,X people watching
Social Proof Manipulation,countdown timer
Social Proof Manipulation,hurry up
Social Proof Manipulation,just sold out
Social Proof Manipulation,live purchase feed
Social Proof Manipulation,others just bought
Social Proof Manipulation,trending now
Social Proof Manipulation,X people watching
Social Proof Manipulation,countdown timer
Social Proof Manipulation,hurry up
Social Proof Manipulation,just sold out
Social Proof Manipulation,live purchase feed
Social Proof Manipulation,others just bought
Social Proof Manipulation,trending now
Social Proof Manipulation,X people watching
Social Proof Manipulation,countdown timer
Social Proof Manipulation,hurry up
Social Proof Manipulation,just sold out
Social Proof Manipulation,live purchase feed
Social Proof Manipulation,others just bought
Social Proof Manipulation,trending now
Social Proof Manipulation,X people watching
Social Proof Manipulation,countdown timer
Social Proof Manipulation,hurry up
Social Proof Manipulation,just sold out
Social Proof Manipulation,live purchase feed
Social Proof Manipulation,others just bought
Social Proof Manipulation,trending now
Social Proof Manipulation,X people watching
Social Proof Manipulation,countdown timer
Social Proof Manipulation,hurry up
Social Proof Manipulation,just sold out
Social Proof Manipulation,live purchase feed
Social Proof Manipulation,others just bought
Social Proof Manipulation,trending now
Social Proof Manipulation,X people watching
Social Proof Manipulation,countdown timer
Social Proof Manipulation,hurry up
Social Proof Manipulation,just sold out
Social Proof Manipulation,live purchase feed
Social Proof Manipulation,others just bought
Social Proof Manipulation,trending now
Social Proof Manipulation,X people watching
Social Proof Manipulation,countdown timer
Social Proof Manipulation,hurry up
Social Proof Manipulation,just sold out
Social Proof Manipulation,live purchase feed
Social Proof Manipulation,others just bought
Social Proof Manipulation,trending now
Social Proof Manipulation,X people watching
Social Proof Manipulation,countdown timer
Social Proof Manipulation,hurry up
Social Proof Manipulation,just sold out
Social Proof Manipulation,live purchase feed
Social Proof Manipulation,others just bought
Social Proof Manipulation,trending now
Social Proof Manipulation,X people watching
Social Proof Manipulation,countdown timer
Social Proof Manipulation,hurry up
Social Proof Manipulation,just sold out
Social Proof Manipulation,live purchase feed
Social Proof Manipulation,others just bought
Social Proof Manipulation,trending now
Social Proof Manipulation,X people watching
Social Proof Manipulation,countdown timer
Social Proof Manipulation,hurry up
Social Proof Manipulation,just sold out
Social Proof Manipulation,live purchase feed
Social Proof Manipulation,others just bought
Social Proof Manipulation,trending now
Social Proof Manipulation,X people watching
Social Proof Manipulation,countdown timer
Social Proof Manipulation,hurry up
Social Proof Manipulation,just sold out
Social Proof Manipulation,live purchase feed
Social Proof Manipulation,others just bought
Social Proof Manipulation,trending now
Social Proof Manipulation,X people watching
Social Proof Manipulation,countdown timer
Social Proof Manipulation,hurry up
Social Proof Manipulation,just sold out
Social Proof Manipulation,live purchase feed
Social Proof Manipulation,others just bought
Social Proof Manipulation,trending now
Social Proof Manipulation,X people watching
Social Proof Manipulation,countdown timer
Social Proof Manipulation,hurry up
Social Proof Manipulation,just sold out
Social Proof Manipulation,live purchase feed
Social Proof Manipulation,others just bought
Social Proof Manipulation,trending now
Social Proof Manipulation,X people watching
Social Proof Manipulation,countdown timer
Social Proof Manipulation,hurry up
Social Proof Manipulation,just sold out
Social Proof Manipulation,live purchase feed
Social Proof Manipulation,others just bought
Social Proof Manipulation,trending now
Social Proof Manipulation,X people watching
Social Proof Manipulation,countdown timer
Social Proof Manipulation,hurry up
Social Proof Manipulation,just sold out
Social Proof Manipulation,live purchase feed
Social Proof Manipulation,others just bought
Social Proof Manipulation,trending now
Social Proof Manipulation,X people watching
Social Proof Manipulation,countdown timer
Social Proof Manipulation,hurry up
Social Proof Manipulation,just sold out
Social Proof Manipulation,live purchase feed
Social Proof Manipulation,others just bought
Social Proof Manipulation,trending now
Social Proof Manipulation,X people watching
Social Proof Manipulation,countdown timer
Social Proof Manipulation,hurry up
Social Proof Manipulation,just sold out
Social Proof Manipulation,live purchase feed
Social Proof Manipulation,others just bought
Social Proof Manipulation,trending now
Social Proof Manipulation,X people watching
Social Proof Manipulation,countdown timer
Social Proof Manipulation,hurry up
Social Proof Manipulation,just sold out
Social Proof Manipulation,live purchase feed
Social Proof Manipulation,others just bought
Social Proof Manipulation,trending now
Social Proof Manipulation,X people watching
Social Proof Manipulation,countdown timer
Social Proof Manipulation,hurry up
Social Proof Manipulation,just sold out
Social Proof Manipulation,live purchase feed
Social Proof Manipulation,others just bought
Social Proof Manipulation,trending now
Social Proof Manipulation,X people watching
Social Proof Manipulation,countdown timer
Social Proof Manipulation,hurry up
Social Proof Manipulation,just sold out
Social Proof Manipulation,live purchase feed
Social Proof Manipulation,others just bought
Social Proof Manipulation,trending now
Social Proof Manipulation,X people watching
Social Proof Manipulation,countdown timer
Social Proof Manipulation,hurry up
Social Proof Manipulation,just sold out
Social Proof Manipulation,live purchase feed
Social Proof Manipulation,others just bought
Social Proof Manipulation,trending now
Social Proof Manipulation,X people watching
Social Proof Manipulation,countdown timer
Social Proof Manipulation,hurry up
Social Proof Manipulation,just sold out
Social Proof Manipulation,live purchase feed
Social Proof Manipulation,others just bought
Social Proof Manipulation,trending now
Social Proof Manipulation,X people watching
Social Proof Manipulation,countdown timer
Social Proof Manipulation,hurry up
Social Proof Manipulation,just sold out
Social Proof Manipulation,live purchase feed
Social Proof Manipulation,others just bought
Social Proof Manipulation,trending now
Social Proof Manipulation,X people watching
Social Proof Manipulation,countdown timer
Social Proof Manipulation,hurry up
Social Proof Manipulation,just sold out
Social Proof Manipulation,live purchase feed
Social Proof Manipulation,others just bought
Social Proof Manipulation,trending now
Social Proof Manipulation,X people watching
Social Proof Manipulation,countdown timer
Social Proof Manipulation,hurry up
Social Proof Manipulation,just sold out
Social Proof Manipulation,live purchase feed
Social Proof Manipulation,others just bought
Social Proof Manipulation,trending now
Social Proof Manipulation,X people watching
Social Proof Manipulation,countdown timer
Social Proof Manipulation,hurry up
Social Proof Manipulation,just sold out
Social Proof Manipulation,live purchase feed
Social Proof Manipulation,others just bought
Social Proof Manipulation,trending now
Social Proof Manipulation,X people watching
Social Proof Manipulation,countdown timer
Social Proof Manipulation,hurry up
Social Proof Manipulation,just sold out
Social Proof Manipulation,live purchase feed
Social Proof Manipulation,others just bought
Social Proof Manipulation,trending now
Social Proof Manipulation,X people watching
Social Proof Manipulation,countdown timer
Social Proof Manipulation,hurry up
Social Proof Manipulation,just sold out
Social Proof Manipulation,live purchase feed
Social Proof Manipulation,others just bought
Social Proof Manipulation,trending now
Social Proof Manipulation,X people watching
Social Proof Manipulation,countdown timer
Social Proof Manipulation,hurry up
Social Proof Manipulation,just sold out
Social Proof Manipulation,live purchase feed
Social Proof Manipulation,others just bought
Social Proof Manipulation,trending now
Social Proof Manipulation,X people watching
Social Proof Manipulation,countdown timer
Social Proof Manipulation,hurry up
Social Proof Manipulation,just sold out
Social Proof Manipulation,live purchase feed
Social Proof Manipulation,just sold out
Social Proof Manipulation,live purchase feed
Social Proof Manipulation,X people watching
